client_id,client_name,age,gender,nationality,country_of_residence,tax_domicile,booking_centre,rm_id,rm_name,rm_desk,base_currency,wealth_band,total_aum_usd,life_stage,source_of_wealth,risk_profile,risk_tolerance_score,investment_horizon_years,liquidity_needs,objectives,client_since,kyc_review_due,pep_status,reporting_language
CL-0001,Hartono Wijaya Kusuma,34,M,Indonesia,Singapore,Indonesia,Singapore,RM-SG-014,Priscilla Ong,Asia desk - Singapore and Hong Kong booking centres,SGD,UHNW,46571821.48,Wealth accumulation - second generation,Inherited - family coal mining and energy group,Balanced Growth,6,25,Low,Preserve family wealth outside Indonesia; diversify away from the family operating business; fund a planned property purchase in Singapore in 2027,14/3/2019,30/11/2026,No,English
CL-0002,Ravi Chandrasekaran,41,M,India,Singapore,Singapore,Singapore,RM-SG-014,Priscilla Ong,Asia desk - Singapore and Hong Kong booking centres,USD,UHNW,46699200,Pre-liquidity event,Entrepreneur - founder of enterprise software business,Growth,8,20,High,Bridge liquidity until the secondary sale of founder shares expected Q4 2026; build a diversified portfolio post-event; establish a family trust,2/8/2021,28/2/2027,No,English
CL-0003,Margarethe Voss-Brenner,58,F,Germany,Singapore,Germany,Singapore,RM-SG-014,Priscilla Ong,Asia desk - Singapore and Hong Kong booking centres,EUR,HNW,22181135.66,Recently inherited - transition,"Inheritance - late spouse's industrial holding, received Feb 2026",Conservative,2,15,Medium,Understand and de-risk the inherited portfolio; secure a stable income; German inheritance tax planning,16/2/2026,16/2/2027,No,German
CL-0004,Chalermchai Suphanburi,66,M,Thailand,Thailand,Thailand,Singapore,RM-SG-014,Priscilla Ong,Asia desk - Singapore and Hong Kong booking centres,USD,UHNW,33453055.03,Pre-retirement,Entrepreneur - agribusiness and food processing,Income,3,18,Medium,Replace salary with portfolio income from Q2 2027; fund a family foundation; transfer the operating business to the next generation,21/6/2012,30/9/2026,No,English
CL-0005,Aishah binti Rahman,47,F,Malaysia,Malaysia,Malaysia,Singapore,RM-SG-014,Priscilla Ong,Asia desk - Singapore and Hong Kong booking centres,SGD,HNW,19400737.87,Peak earning years,Entrepreneur - palm oil plantations and commercial property,Sustainable Balanced,5,20,Low,Align the portfolio with a stated sustainability policy adopted in 2024; diversify away from plantation assets; fund children's education in Australia,8/11/2017,15/10/2026,No,English
CL-0006,Nguyen Thi Bao Tran,39,F,Vietnam,Singapore,Singapore,Singapore,RM-SG-014,Priscilla Ong,Asia desk - Singapore and Hong Kong booking centres,SGD,HNW,18072993.49,Wealth accumulation,Entrepreneur - electronics contract manufacturing,Balanced,5,18,Medium,Meet USD-denominated private equity capital calls and US university fees for two children; grow capital at a moderate pace,30/1/2020,30/1/2027,No,English
CL-0007,Alistair Pemberton-Hale,72,M,United Kingdom,Singapore,United Kingdom,Singapore,RM-SG-014,Priscilla Ong,Asia desk - Singapore and Hong Kong booking centres,USD,UHNW,40019276,Retired - legacy and philanthropy,Executive compensation - retired physical commodities trader,Balanced,5,12,Medium,Fund a charitable foundation from 2027; leave a defined legacy to three grandchildren; protect real purchasing power,17/4/2008,31/12/2026,No,English
CL-0008,Chen Wei Ling,52,F,Singapore,Singapore,Singapore,Singapore,RM-SG-014,Priscilla Ong,Asia desk - Singapore and Hong Kong booking centres,SGD,HNW,11952546.04,Peak earning years,Entrepreneur - food and beverage franchise operator,Balanced,5,15,High,Fund two children's overseas university education from 2027 to 2033; partial business sale in 2028; steady capital growth,11/9/2015,11/9/2026,No,English
CL-0009,Andreas Lindqvist,61,M,Sweden,Singapore,Sweden,Singapore,RM-SG-014,Priscilla Ong,Asia desk - Singapore and Hong Kong booking centres,EUR,UHNW,31613603.44,Post-liquidity event,Business sale - divested majority stake in an industrial group in 2024,Balanced,5,20,Low,Deploy sale proceeds into a long-term allocation; retain a residual stake in the former business; retire in Europe,29/5/2024,29/5/2027,No,English
CL-0010,Priya Nair Menon,29,F,Singapore,Singapore,Singapore,Singapore,RM-SG-014,Priscilla Ong,Asia desk - Singapore and Hong Kong booking centres,SGD,HNW,8182936.09,Early career - next generation,Inherited - family trust distribution received 2024,Sustainable Balanced,6,35,Low,Long-horizon growth consistent with a personal impact policy; first property purchase in 2028,19/7/2024,19/7/2027,No,English
CL-0011,Tan Boon Huat,78,M,Singapore,Singapore,Singapore,Singapore,RM-SG-014,Priscilla Ong,Asia desk - Singapore and Hong Kong booking centres,SGD,UHNW,35335041.42,Succession and estate planning,Entrepreneur - property development,Conservative,2,8,Medium,Orderly transfer of assets to four children; maintain lifestyle income; minimise disruption to the family property portfolio,25/2/2003,31/8/2026,No,English
CL-0012,Cheung Kwok Wing,71,M,Hong Kong SAR,Hong Kong SAR,Hong Kong SAR,Hong Kong,RM-SG-014,Priscilla Ong,Asia desk - Singapore and Hong Kong booking centres,USD,UHNW,28028704.71,Retired,Executive compensation - retired shipping group executive,Income,3,12,High,Draw USD 1.1m per year to fund living costs and medical care; preserve capital for two children,4/10/2010,4/10/2026,No,Traditional Chinese
CL-0013,Zhang Meiling,45,F,People's Republic of China,Hong Kong SAR,Hong Kong SAR,Hong Kong,RM-SG-014,Priscilla Ong,Asia desk - Singapore and Hong Kong booking centres,USD,UHNW,36952084.12,Wealth accumulation,Entrepreneur - cross-border e-commerce platform,Growth,8,22,Medium,Aggressive growth; maintain a credit line for opportunistic investment in her operating business; eventual family office structure,6/12/2018,6/12/2026,No,Simplified Chinese
CL-0014,Lau Chi Ming,63,M,Hong Kong SAR,Hong Kong SAR,Hong Kong SAR,Hong Kong,RM-SG-014,Priscilla Ong,Asia desk - Singapore and Hong Kong booking centres,HKD,UHNW,26488970.55,Peak earning years,Entrepreneur - Hong Kong residential and commercial property development,Balanced,5,12,High,Generate yield to service development financing; retain exposure to the Hong Kong property recovery; fund a Mid-Levels redevelopment project,22/3/2011,22/9/2026,No,Traditional Chinese
CL-0015,Kim Do-Yoon,38,M,Republic of Korea,Hong Kong SAR,Republic of Korea,Hong Kong,RM-SG-014,Priscilla Ong,Asia desk - Singapore and Hong Kong booking centres,USD,HNW,14985635.85,Wealth accumulation,Entrepreneur - media production and artist management,Dynamic Opportunistic,9,25,Low,High growth; thematic and event-driven ideas; comfortable with drawdowns,11/4/2022,11/4/2027,No,English
CL-0016,Yamamoto Kenji,55,M,Japan,Hong Kong SAR,Japan,Hong Kong,RM-SG-014,Priscilla Ong,Asia desk - Singapore and Hong Kong booking centres,JPY,HNW,14508066.73,Pre-retirement,Executive compensation - pharmaceutical group board member,Balanced,5,20,Low,Retire to Japan in 2030 with JPY-denominated income; reduce dependence on employer stock; support elderly parents,27/7/2016,27/7/2027,No,Japanese
CL-0017,Fong Enterprises Family Office,,Entity,Hong Kong SAR,Hong Kong SAR,Hong Kong SAR,Hong Kong,RM-SG-014,Priscilla Ong,Asia desk - Singapore and Hong Kong booking centres,USD,UHNW,87902980,Multi-generational - G2 and G3,Inherited - textiles and logistics group sold in 2009,Balanced,5,50,Medium,Perpetual capital preservation across generations; fund G3 education and venture allocations; meet outstanding private markets commitments,13/11/2009,13/11/2026,No,English
CL-0018,Elena Marchetti-Wong,44,F,Italy,Hong Kong SAR,Italy,Hong Kong,RM-SG-014,Priscilla Ong,Asia desk - Singapore and Hong Kong booking centres,EUR,HNW,22597824.97,Peak earning years,Entrepreneur - luxury goods distribution across Greater China,Balanced,5,22,Low,Hedge against currency debasement and geopolitical risk; diversify away from the luxury retail cycle; Italian succession planning,5/6/2019,5/12/2026,No,Italian
CL-0019,Abdullah Al-Mansoori,49,M,United Arab Emirates,United Arab Emirates,United Arab Emirates,Hong Kong,RM-SG-014,Priscilla Ong,Asia desk - Singapore and Hong Kong booking centres,USD,UHNW,32214266.33,Peak earning years,"Entrepreneur - Gulf logistics, port services and marine chartering",Balanced Growth,6,25,Low,Build wealth outside the Gulf region and outside the shipping sector; fund a family office in Asia; long-term capital growth,20/1/2014,20/11/2026,No,English
CL-0020,Grace Adeyemi-Lim,36,F,Singapore,Hong Kong SAR,Hong Kong SAR,Hong Kong,RM-SG-014,Priscilla Ong,Asia desk - Singapore and Hong Kong booking centres,USD,HNW,19059758.28,Wealth accumulation,Entrepreneur - private healthcare clinics group,Growth,7,28,Medium,Long-horizon growth; establish a healthcare access foundation in West Africa by 2028; buy a Hong Kong property in 2027,8/2/2021,8/2/2027,No,English
